_id,_sources,birth_date,email,gender,image,images,links,name,other_names,tenures
adamou-adamos,"[""http://www.europarl.europa.eu/meps/en/28469/ADAMOS_ADAMOU_home.html"",""http://www.parliament.cy/easyconsole.cfm/id/305""]",1950-10-30,aadamou@parliament.cy,male,http://www.parliament.cy/assets/image/imageoriginal/Adamou Adamos a.jpg,"[""http://www.parliament.cy/assets/image/imageoriginal/Adamou Adamos a.jpg""]","[{""note"":{""el"":""Προφίλ στην ιστοσελίδα της Βουλής"",""en"":""Page on Parliament"",""tr"":null},""url"":""http://www.parliament.cy/easyconsole.cfm/id/305""}]","{""el"":""Αδάμου Αδάμος"",""en"":""Adamou Adamos"",""tr"":""Adámu Adámos""}","[{""name"":""Adamou Adamos"",""note"":""Official spelling in the 'en' locale; possibly anglicised""}]","[{""electoral_district_id"":""lefkosia"",""end_date"":""2004-07-19"",""party_id"":""akel-nd"",""start_date"":""2003-03-06""},{""electoral_district_id"":""lemesos"",""end_date"":""2016-04-14"",""party_id"":""akel-nd"",""start_date"":""2011-06-02""}]"
agapiou-agis,[],,,male,,,[],"{""el"":""Αγαπίου Άγις"",""en"":""Agapiou Agis"",""tr"":""Agapíu Áyis""}",,[]
agapiou-giannakis,[],,,male,,,[],"{""el"":""Αγαπίου Γιαννάκης"",""en"":""Agapiou Giannakis"",""tr"":""Agapíu Yannákis""}",,[]
akkelidou-ntina,[],,,female,,,[],"{""el"":""Ακκελίδου Ντίνα"",""en"":""Akkelidou Ntina"",""tr"":""Akkelídu Dína""}",,[]
anastasiadis-nikos,"[""http://www.parliament.cy/easyconsole.cfm/id/909""]",1946-09-27,,male,http://www.parliament.cy/assets/image/imageoriginal/Anastasiades Nikos.jpg,"[""http://www.parliament.cy/assets/image/imageoriginal/Anastasiades Nikos.jpg"",""http://www.parliament.cy/assets/image/imageoriginal/ANASTASIADES Nicos.jpg"",""http://www.parliament.cy/assets/image/imageoriginal/ANASTASIADES Nikos0001.jpg""]","[{""note"":{""el"":""Προφίλ στην ιστοσελίδα της Βουλής"",""en"":""Page on Parliament"",""tr"":null},""url"":""http://www.parliament.cy/easyconsole.cfm/id/909""}]","{""el"":""Αναστασιάδης Νίκος"",""en"":""Anastasiadis Nikos"",""tr"":""Anastasiádis Níkos""}","[{""name"":""Anastasiades Nicos"",""note"":""Official spelling in the 'en' locale; possibly anglicised""}]","[{""electoral_district_id"":""lemesos"",""end_date"":""2006-05-31"",""party_id"":""disy"",""start_date"":""2001-06-07""},{""electoral_district_id"":""lemesos"",""end_date"":""2011-06-01"",""party_id"":""disy"",""start_date"":""2006-06-01""},{""electoral_district_id"":""lemesos"",""end_date"":""2013-02-28"",""party_id"":""disy"",""start_date"":""2011-06-02""}]"
angelidis-andreas,[],,,male,,,[],"{""el"":""Αγγελίδης Ανδρέας"",""en"":""Angelidis Andreas"",""tr"":""Angelídis Andréas""}",,[]
antoniou-antonis,"[""http://www.parliament.cy/easyconsole.cfm/id/307""]",1959-11-30,aantoniou@parliament.cy,male,http://www.parliament.cy/assets/image/imageoriginal/ANTONIOU ANTONIS.jpg,"[""http://www.parliament.cy/assets/image/imageoriginal/ANTONIOU ANTONIS.jpg""]","[{""note"":{""el"":""Προφίλ στην ιστοσελίδα της Βουλής"",""en"":""Page on Parliament"",""tr"":null},""url"":""http://www.parliament.cy/easyconsole.cfm/id/307""},{""note"":{""el"":""Blog"",""en"":""Blog"",""tr"":""Blog""},""url"":""http://antoniouantonis.blogspot.com/""}]","{""el"":""Αντωνίου Αντώνης"",""en"":""Antoniou Antonis"",""tr"":""Andoníu Andónis""}","[{""name"":""Antoniou Antonis"",""note"":""Official spelling in the 'en' locale; possibly anglicised""}]","[{""electoral_district_id"":""pafos"",""end_date"":""2011-06-01"",""party_id"":""diko"",""start_date"":""2006-06-01""},{""electoral_district_id"":""pafos"",""end_date"":""2016-04-14"",""party_id"":""diko"",""start_date"":""2011-06-02""}]"
aristotelous-aristos,[],,,male,,,[],"{""el"":""Αριστοτέλους Άριστος"",""en"":""Aristotelous Aristos"",""tr"":""Aristotélus Áristos""}",,[]
champas-panikos,[],,,male,,,[],"{""el"":""Χάμπας Πανίκος"",""en"":""Champas Panikos"",""tr"":""Hámbas Paníkos""}",,[]
champoullas-evgenios,"[""http://www.parliament.cy/easyconsole.cfm/id/1226""]",1969-01-12,ehamboullas@parliament.cy,male,http://www.parliament.cy/assets/image/imageoriginal/Hamboullas-mikri.jpg,"[""http://www.parliament.cy/assets/image/imageoriginal/Hamboullas-mikri.jpg""]","[{""note"":{""el"":""Προφίλ στην ιστοσελίδα της Βουλής"",""en"":""Page on Parliament"",""tr"":null},""url"":""http://www.parliament.cy/easyconsole.cfm/id/1226""}]","{""el"":""Χαμπουλλάς Ευγένιος"",""en"":""Champoullas Evgenios"",""tr"":""Hambullás Evyénios""}","[{""name"":""Hamboullas Evgenios"",""note"":""Official spelling in the 'en' locale; possibly anglicised""},{""name"":""Χαμπουλάς Ευγένιος"",""note"":""Common misspelling (el-Grek)""}]","[{""electoral_district_id"":""ammochostos"",""end_date"":""2016-04-14"",""party_id"":""disy"",""start_date"":""2014-11-06""}]"
charalampidou-eirini,"[""http://www.parliament.cy/easyconsole.cfm/id/420""]",1964-03-19,icharalambides@parliament.cy,female,http://www.parliament.cy/assets/image/imageoriginal/Charalambidou Eirini a.jpg,"[""http://www.parliament.cy/assets/image/imageoriginal/Charalambidou Eirini a.jpg""]","[{""note"":{""el"":""Προφίλ στην ιστοσελίδα της Βουλής"",""en"":""Page on Parliament"",""tr"":null},""url"":""http://www.parliament.cy/easyconsole.cfm/id/420""}]","{""el"":""Χαραλαμπίδου Ειρήνη"",""en"":""Charalampidou Eirini"",""tr"":""Haralambídu İríni""}","[{""name"":""Charalambides Irene"",""note"":""Official spelling in the 'en' locale; possibly anglicised""}]","[{""electoral_district_id"":""lefkosia"",""end_date"":""2016-04-14"",""party_id"":""akel-nd"",""start_date"":""2011-06-02""}]"
charalampous-sotiroula,[],,,female,,,[],"{""el"":""Χαραλάμπους Σωτηρούλα"",""en"":""Charalampous Sotiroula"",""tr"":""Haralámbus Sotirúla""}",,[]
chatzidimitriou-takis,[],,,male,,,[],"{""el"":""Χατζηδημητρίου Τάκης"",""en"":""Chatzidimitriou Takis"",""tr"":""Hacidimitríu Tákis""}",,[]
chatzigeorgiou-giorgos,[],,,male,,,[],"{""el"":""Χατζηγεωργίου Γιώργος"",""en"":""Chatzigeorgiou Giorgos"",""tr"":""Haciyeoryíu Yórgos""}",,[]
chatzigeorgiou-takis,"[""http://www.europarl.europa.eu/meps/en/96907/TAKIS_HADJIGEORGIOU_home.html""]",1956-12-11,,male,,,"[{""note"":{""el"":""Facebook"",""en"":""Facebook"",""tr"":""Facebook""},""url"":""https://www.facebook.com/takis.hadjigeorgiou""},{""note"":{""el"":""twitter"",""en"":""twitter"",""tr"":""twitter""},""url"":""https://twitter.com/thadjigeorgiou""}]","{""el"":""Χατζηγεωργίου Τάκης"",""en"":""Chatzigeorgiou Takis"",""tr"":""Haciyeoryíu Tákis""}","[{""name"":""Hadjigeorgiou Takis"",""note"":""Anglicised spelling""}]",[]
chatzigiannis-kyriakos,"[""http://www.parliament.cy/easyconsole.cfm/id/421""]",1963-08-22,khadjiyianni@parliament.cy,male,http://www.parliament.cy/assets/image/imageoriginal/HADJIGIANNIS Kiriakos.jpg,"[""http://www.parliament.cy/assets/image/imageoriginal/HADJIGIANNIS Kiriakos.jpg""]","[{""note"":{""el"":""Προφίλ στην ιστοσελίδα της Βουλής"",""en"":""Page on Parliament"",""tr"":null},""url"":""http://www.parliament.cy/easyconsole.cfm/id/421""},{""note"":{""el"":""Προσωπική ιστοσελίδα"",""en"":""Personal website"",""tr"":null},""url"":""http://hadjiyiannis.net/""}]","{""el"":""Χατζηγιάννης Κυριάκος"",""en"":""Chatzigiannis Kyriakos"",""tr"":""Haciyánnis Kiriákos""}","[{""name"":""Hadjiyiannis Kyriacos"",""note"":""Official spelling in the 'en' locale; possibly anglicised""}]","[{""electoral_district_id"":""ammochostos"",""end_date"":""2011-06-01"",""party_id"":""disy"",""start_date"":""2006-06-01""},{""electoral_district_id"":""ammochostos"",""end_date"":""2016-04-14"",""party_id"":""disy"",""start_date"":""2011-06-02""}]"
chatzinikolas-ntinos,[],,,male,,,[],"{""el"":""Χατζηνικόλας Ντίνος"",""en"":""Chatzinikolas Ntinos"",""tr"":""Hacinikólas Dínos""}",,[]
chatzirousos-antonis,[],,,male,,,[],"{""el"":""Χατζηρούσος Αντώνης"",""en"":""Chatzirousos Antonis"",""tr"":""Hacirúsos Andónis""}",,[]
christodoulidis-doros,[],,,male,,,[],"{""el"":""Χριστοδουλίδης Δώρος"",""en"":""Christodoulidis Doros"",""tr"":""Hristodulídis Dóros""}",,[]
christoforou-lefteris,"[""http://www.europarl.europa.eu/meps/en/26837/LEFTERIS_CHRISTOFOROU_home.html"",""http://www.parliament.cy/easyconsole.cfm/id/422""]",1963-08-31,lchristoforou@parliament.cy,male,http://www.parliament.cy/assets/image/imageoriginal/CHRISTOFOROU Lefteris.jpg,"[""http://www.parliament.cy/assets/image/imageoriginal/CHRISTOFOROU Lefteris.jpg""]","[{""note"":{""el"":""Προφίλ στην ιστοσελίδα της Βουλής"",""en"":""Page on Parliament"",""tr"":null},""url"":""http://www.parliament.cy/easyconsole.cfm/id/422""},{""note"":{""el"":""Facebook"",""en"":""Facebook"",""tr"":""Facebook""},""url"":""https://www.facebook.com/ChristoforouLefteris""},{""note"":{""el"":""twitter"",""en"":""twitter"",""tr"":""twitter""},""url"":""https://twitter.com/LefChristoforou""}]","{""el"":""Χριστοφόρου Λευτέρης"",""en"":""Christoforou Lefteris"",""tr"":""Hristofóru Leftéris""}","[{""name"":""Christoforou Lefteris"",""note"":""Official spelling in the 'en' locale; possibly anglicised""}]","[{""electoral_district_id"":""ammochostos"",""end_date"":""2006-05-31"",""party_id"":""disy"",""start_date"":""2001-06-07""},{""electoral_district_id"":""ammochostos"",""end_date"":""2011-06-01"",""party_id"":""disy"",""start_date"":""2006-06-01""},{""electoral_district_id"":""ammochostos"",""end_date"":""2014-10-31"",""party_id"":""disy"",""start_date"":""2011-06-02""}]"
christou-andreas,[],,,male,,,[],"{""el"":""Χρίστου Ανδρέας"",""en"":""Christou Andreas"",""tr"":""Hrístu Andréas""}",,[]
chrysostomidis-kypros,[],,,male,,,[],"{""el"":""Χρυσοστομίδης Κύπρος"",""en"":""Chrysostomidis Kypros"",""tr"":""Hrisostomídis Kípros""}",,[]
chrysostomou-aristos,[],,,male,,,[],"{""el"":""Χρυσοστόμου Άριστος"",""en"":""Chrysostomou Aristos"",""tr"":""Hrisostómu Áristos""}",,[]
damianou-aristos,"[""http://www.parliament.cy/easyconsole.cfm/id/360""]",1972-06-03,adamianou@parliament.cy,male,http://www.parliament.cy/assets/image/imageoriginal/Damianou Aristos a.jpg,"[""http://www.parliament.cy/assets/image/imageoriginal/Damianou Aristos a.jpg""]","[{""note"":{""el"":""Προφίλ στην ιστοσελίδα της Βουλής"",""en"":""Page on Parliament"",""tr"":null},""url"":""http://www.parliament.cy/easyconsole.cfm/id/360""},{""note"":{""el"":""twitter"",""en"":""twitter"",""tr"":""twitter""},""url"":""https://twitter.com/AristosDamianou""}]","{""el"":""Δαμιανού Άριστος"",""en"":""Damianou Aristos"",""tr"":""Damianú Áristos""}","[{""name"":""Damianou Aristos"",""note"":""Official spelling in the 'en' locale; possibly anglicised""}]","[{""electoral_district_id"":""lefkosia"",""end_date"":""2016-04-14"",""party_id"":""akel-nd"",""start_date"":""2011-06-02""}]"
dimitriou-misiaouli-stella,"[""http://www.parliament.cy/easyconsole.cfm/id/361""]",1954-10-18,smisiaouli@parliament.cy,female,http://www.parliament.cy/assets/image/imageoriginal/Dimitriou-Misiaouli Stella a.jpg,"[""http://www.parliament.cy/assets/image/imageoriginal/Dimitriou-Misiaouli Stella a.jpg""]","[{""note"":{""el"":""Προφίλ στην ιστοσελίδα της Βουλής"",""en"":""Page on Parliament"",""tr"":null},""url"":""http://www.parliament.cy/easyconsole.cfm/id/361""}]","{""el"":""Δημητρίου Μισιαούλη Στέλλα"",""en"":""Dimitriou Misiaouli Stella"",""tr"":""Dimitríu Mişaúli Stélla""}","[{""name"":""Μισιαούλη Στέλλα"",""note"":""Short form (el-Grek)""},{""name"":""Demetriou Misiaouli Stella"",""note"":""Official spelling in the 'en' locale; possibly anglicised""}]","[{""electoral_district_id"":""lefkosia"",""end_date"":""2006-05-31"",""party_id"":""akel-nd"",""start_date"":""2004-07-20""},{""electoral_district_id"":""lefkosia"",""end_date"":""2011-06-01"",""party_id"":""akel-nd"",""start_date"":""2008-03-06""},{""electoral_district_id"":""lefkosia"",""end_date"":""2016-04-14"",""party_id"":""akel-nd"",""start_date"":""2011-06-02""}]"
diplaros-efthymios,"[""http://www.parliament.cy/easyconsole.cfm/id/362""]",1980-03-18,ediplaros@parliament.cy,male,http://www.parliament.cy/assets/image/imageoriginal/DIPLAROS Efthymios.jpg,"[""http://www.parliament.cy/assets/image/imageoriginal/DIPLAROS Efthymios.jpg""]","[{""note"":{""el"":""Προφίλ στην ιστοσελίδα της Βουλής"",""en"":""Page on Parliament"",""tr"":null},""url"":""http://www.parliament.cy/easyconsole.cfm/id/362""},{""note"":{""el"":""Προσωπική ιστοσελίδα"",""en"":""Personal website"",""tr"":null},""url"":""http://www.diplaros.com/""},{""note"":{""el"":""twitter"",""en"":""twitter"",""tr"":""twitter""},""url"":""https://twitter.com/ediplaros""}]","{""el"":""Δίπλαρος Ευθύμιος"",""en"":""Diplaros Efthymios"",""tr"":""Díplaros Efthímios""}","[{""name"":""Diplaros Efthimios"",""note"":""Official spelling in the 'en' locale; possibly anglicised""}]","[{""electoral_district_id"":""lemesos"",""end_date"":""2016-04-14"",""party_id"":""disy"",""start_date"":""2011-06-02""}]"
erotokritou-rikkos,[],,,male,,,[],"{""el"":""Ερωτοκρίτου Ρίκκος"",""en"":""Erotokritou Rikkos"",""tr"":""Erotokrítu Ríkkos""}",,[]
evagorou-stavros,"[""http://www.parliament.cy/easyconsole.cfm/id/363""]",1959-09-23,sevagorou@parliament.cy,male,http://www.parliament.cy/assets/image/imageoriginal/Evagorou Stavros a.jpg,"[""http://www.parliament.cy/assets/image/imageoriginal/Evagorou Stavros a.jpg""]","[{""note"":{""el"":""Προφίλ στην ιστοσελίδα της Βουλής"",""en"":""Page on Parliament"",""tr"":null},""url"":""http://www.parliament.cy/easyconsole.cfm/id/363""}]","{""el"":""Ευαγόρου Σταύρος"",""en"":""Evagorou Stavros"",""tr"":""Evagóru Stávros""}","[{""name"":""Evagorou Stavros"",""note"":""Official spelling in the 'en' locale; possibly anglicised""}]","[{""electoral_district_id"":""ammochostos"",""end_date"":""2006-05-31"",""party_id"":""akel-nd"",""start_date"":""2001-06-07""},{""electoral_district_id"":""ammochostos"",""end_date"":""2011-06-01"",""party_id"":""akel-nd"",""start_date"":""2006-06-01""},{""electoral_district_id"":""ammochostos"",""end_date"":""2016-04-14"",""party_id"":""akel-nd"",""start_date"":""2011-06-02""}]"
fakontis-antreas,"[""http://www.parliament.cy/easyconsole.cfm/id/418""]",1964-10-22,afakontis@parliament.cy,male,http://www.parliament.cy/assets/image/imageoriginal/Fakontis Andreas a.jpg,"[""http://www.parliament.cy/assets/image/imageoriginal/Fakontis Andreas a.jpg""]","[{""note"":{""el"":""Προφίλ στην ιστοσελίδα της Βουλής"",""en"":""Page on Parliament"",""tr"":null},""url"":""http://www.parliament.cy/easyconsole.cfm/id/418""}]","{""el"":""Φακοντής Αντρέας"",""en"":""Fakontis Antreas"",""tr"":""Fakondís Andréas""}","[{""name"":""Φακοντής Ανδρέας"",""note"":""Alternative spelling (el-Grek)""},{""name"":""Fakontis Andreas"",""note"":""Official spelling in the 'en' locale; possibly anglicised""}]","[{""electoral_district_id"":""pafos"",""end_date"":""2011-06-01"",""party_id"":""akel-nd"",""start_date"":""2006-06-01""},{""electoral_district_id"":""pafos"",""end_date"":""2016-04-14"",""party_id"":""akel-nd"",""start_date"":""2011-06-02""}]"
filippou-andreas,[],,,male,,,[],"{""el"":""Φιλίππου Ανδρέας"",""en"":""Filippou Andreas"",""tr"":""Filíppu Andréas""}",,[]
fyttis-sofoklis,"[""http://www.parliament.cy/easyconsole.cfm/id/419""]",1947-03-31,sfittis@parliament.cy,male,http://www.parliament.cy/assets/image/imageoriginal/FITTIS SOFOKLIS.jpg,"[""http://www.parliament.cy/assets/image/imageoriginal/FITTIS SOFOKLIS.jpg""]","[{""note"":{""el"":""Προφίλ στην ιστοσελίδα της Βουλής"",""en"":""Page on Parliament"",""tr"":null},""url"":""http://www.parliament.cy/easyconsole.cfm/id/419""}]","{""el"":""Φυττής Σοφοκλής"",""en"":""Fyttis Sofoklis"",""tr"":""Fittís Sofoklís""}","[{""name"":""Fittis Sophoclis"",""note"":""Official spelling in the 'en' locale; possibly anglicised""}]","[{""electoral_district_id"":""keryneia"",""end_date"":""2006-05-31"",""party_id"":""diko"",""start_date"":""2001-06-07""},{""electoral_district_id"":""keryneia"",""end_date"":""2011-06-01"",""party_id"":""diko"",""start_date"":""2006-06-01""},{""electoral_district_id"":""keryneia"",""end_date"":""2016-04-14"",""party_id"":""diko"",""start_date"":""2011-06-02""}]"
gavriil-giannakis,"[""http://www.parliament.cy/easyconsole.cfm/id/310""]",1961-07-17,ycavriel@parliament.cy,male,http://www.parliament.cy/assets/image/imageoriginal/Gavriel Giannakis a.jpg,"[""http://www.parliament.cy/assets/image/imageoriginal/Gavriel Giannakis a.jpg""]","[{""note"":{""el"":""Προφίλ στην ιστοσελίδα της Βουλής"",""en"":""Page on Parliament"",""tr"":null},""url"":""http://www.parliament.cy/easyconsole.cfm/id/310""}]","{""el"":""Γαβριήλ Γιαννάκης"",""en"":""Gavriil Giannakis"",""tr"":""Gavriíl Yannákis""}","[{""name"":""Gavriel Yiannakis"",""note"":""Official spelling in the 'en' locale; possibly anglicised""}]","[{""electoral_district_id"":""ammochostos"",""end_date"":""2011-06-01"",""party_id"":""akel-nd"",""start_date"":""2008-03-06""},{""electoral_district_id"":""ammochostos"",""end_date"":""2016-04-14"",""party_id"":""akel-nd"",""start_date"":""2011-06-02""}]"
georgiadis-charis,"[""http://www.parliament.cy/easyconsole.cfm/id/910""]",1972-04-09,,male,http://www.parliament.cy/assets/image/imageoriginal/GEORGIADES Harris.jpg,"[""http://www.parliament.cy/assets/image/imageoriginal/GEORGIADES Harris.jpg""]","[{""note"":{""el"":""Προφίλ στην ιστοσελίδα της Βουλής"",""en"":""Page on Parliament"",""tr"":null},""url"":""http://www.parliament.cy/easyconsole.cfm/id/910""}]","{""el"":""Γεωργιάδης Χάρης"",""en"":""Georgiadis Charis"",""tr"":""Yeoryiádis Háris""}","[{""name"":""Georgiades Haris"",""note"":""Official spelling in the 'en' locale; possibly anglicised""}]","[{""electoral_district_id"":""lefkosia"",""end_date"":""2013-02-28"",""party_id"":""disy"",""start_date"":""2011-06-02""}]"
georgiou-aristofanis,[],,,male,,,[],"{""el"":""Γεωργίου Αριστοφάνης"",""en"":""Georgiou Aristofanis"",""tr"":""Yeoryíu Aristofánis""}",,[]
georgiou-georgios,"[""http://www.parliament.cy/easyconsole.cfm/id/312""]",1957-10-09,ggeorgiou@parliament.cy,male,http://www.parliament.cy/assets/image/imageoriginal/GEORGIOU Georgios.jpg,"[""http://www.parliament.cy/assets/image/imageoriginal/GEORGIOU Georgios.jpg""]","[{""note"":{""el"":""Προφίλ στην ιστοσελίδα της Βουλής"",""en"":""Page on Parliament"",""tr"":null},""url"":""http://www.parliament.cy/easyconsole.cfm/id/312""},{""note"":{""el"":""twitter"",""en"":""twitter"",""tr"":""twitter""},""url"":""https://twitter.com/GeorgeKGeorgiou""}]","{""el"":""Γεωργίου Γεώργιος"",""en"":""Georgiou Georgios"",""tr"":""Yeoryíu Yeóryios""}","[{""name"":""Georgiou Georgios"",""note"":""Official spelling in the 'en' locale; possibly anglicised""}]","[{""electoral_district_id"":""ammochostos"",""end_date"":""2006-05-31"",""party_id"":""disy"",""start_date"":""2001-06-07""},{""electoral_district_id"":""ammochostos"",""end_date"":""2011-06-01"",""party_id"":""disy"",""start_date"":""2006-06-01""},{""electoral_district_id"":""ammochostos"",""end_date"":""2016-04-14"",""party_id"":""disy"",""start_date"":""2011-06-02""}]"
georgiou-giorgos,"[""http://www.parliament.cy/easyconsole.cfm/id/313""]",1963-04-09,gegeorgiou@parliament.cy,male,http://www.parliament.cy/assets/image/imageoriginal/Georgiou Giwrgos a.jpg,"[""http://www.parliament.cy/assets/image/imageoriginal/Georgiou Giwrgos a.jpg""]","[{""note"":{""el"":""Προφίλ στην ιστοσελίδα της Βουλής"",""en"":""Page on Parliament"",""tr"":null},""url"":""http://www.parliament.cy/easyconsole.cfm/id/313""}]","{""el"":""Γεωργίου Γιώργος"",""en"":""Georgiou Giorgos"",""tr"":""Yeoryíu Yórgos""}","[{""name"":""Georgiou Giorgos"",""note"":""Official spelling in the 'en' locale; possibly anglicised""}]","[{""electoral_district_id"":""larnaka"",""end_date"":""2016-04-14"",""party_id"":""akel-nd"",""start_date"":""2011-06-02""}]"
giankou-kikis,[],,,male,,,[],"{""el"":""Γιάγκου Κίκης"",""en"":""Giankou Kikis"",""tr"":""Yángu Kíkis""}",,[]
kafkalias-antreas,"[""http://www.parliament.cy/easyconsole.cfm/id/367""]",1971-10-21,akafkalias@parliament.cy,male,http://www.parliament.cy/assets/image/imageoriginal/Kafkalias Andros a.jpg,"[""http://www.parliament.cy/assets/image/imageoriginal/Kafkalias Andros a.jpg""]","[{""note"":{""el"":""Προφίλ στην ιστοσελίδα της Βουλής"",""en"":""Page on Parliament"",""tr"":null},""url"":""http://www.parliament.cy/easyconsole.cfm/id/367""}]","{""el"":""Καυκαλιάς Αντρέας"",""en"":""Kafkalias Antreas"",""tr"":""Kafkaliás Andréas""}","[{""name"":""Kafkalias Andreas"",""note"":""Official spelling in the 'en' locale; possibly anglicised""}]","[{""electoral_district_id"":""lemesos"",""end_date"":""2016-04-14"",""party_id"":""akel-nd"",""start_date"":""2011-06-02""}]"
karas-antonis,[],,,male,,,[],"{""el"":""Καράς Αντώνης"",""en"":""Karas Antonis"",""tr"":""Karás Andónis""}",,[]
karogian-marios,"[""http://www.parliament.cy/easyconsole.cfm/id/365""]",1961-05-31,mgaroyan@parliament.cy,male,http://www.parliament.cy/assets/image/imageoriginal/GAROYIAN Marios.jpg,"[""http://www.parliament.cy/assets/image/imageoriginal/Marios Garoyian.jpg"",""http://www.parliament.cy/assets/image/imageoriginal/GAROYIAN Marios.jpg"",""http://www.parliament.cy/assets/image/imageoriginal/GAR_BAR_CHR-25-06-09.jpg"",""http://www.parliament.cy/assets/image/imageoriginal/GAR_Limassol June 2010.jpg"",""http://www.parliament.cy/assets/image/imageoriginal/GAROYIAN-PAPOULIAS.jpg""]","[{""note"":{""el"":""Προφίλ στην ιστοσελίδα της Βουλής"",""en"":""Page on Parliament"",""tr"":null},""url"":""http://www.parliament.cy/easyconsole.cfm/id/365""}]","{""el"":""Καρογιάν Μάριος"",""en"":""Karogian Marios"",""tr"":""Karoyán Mários""}","[{""name"":""Garoyian Marios"",""note"":""Official spelling in the 'en' locale; possibly anglicised""}]","[{""electoral_district_id"":""lefkosia"",""end_date"":""2011-06-01"",""party_id"":""diko"",""start_date"":""2006-06-01""},{""electoral_district_id"":""lefkosia"",""end_date"":""2016-04-14"",""party_id"":""diko"",""start_date"":""2011-06-02""}]"
katsouridis-nikos,"[""http://www.parliament.cy/easyconsole.cfm/id/366""]",1951-12-14,nkatsourides@parliament.cy,male,http://www.parliament.cy/assets/image/imageoriginal/Katsouridis Nicos a.jpg,"[""http://www.parliament.cy/assets/image/imageoriginal/Katsouridis Nicos a.jpg""]","[{""note"":{""el"":""Προφίλ στην ιστοσελίδα της Βουλής"",""en"":""Page on Parliament"",""tr"":null},""url"":""http://www.parliament.cy/easyconsole.cfm/id/366""}]","{""el"":""Κατσουρίδης Νίκος"",""en"":""Katsouridis Nikos"",""tr"":""Katsurídis Níkos""}","[{""name"":""Katsourides Nicos"",""note"":""Official spelling in the 'en' locale; possibly anglicised""}]","[{""electoral_district_id"":""lefkosia"",""end_date"":""2006-05-31"",""party_id"":""akel-nd"",""start_date"":""2001-06-07""},{""electoral_district_id"":""lefkosia"",""end_date"":""2011-06-01"",""party_id"":""akel-nd"",""start_date"":""2006-06-01""},{""electoral_district_id"":""lefkosia"",""end_date"":""2016-04-14"",""party_id"":""akel-nd"",""start_date"":""2011-06-02""}]"
kleanthous-nikos,[],,,male,,,[],"{""el"":""Κλεάνθους Νίκος"",""en"":""Kleanthous Nikos"",""tr"":""Kleánthus Níkos""}",,[]
kliridis-christos,[],,,male,,,[],"{""el"":""Κληρίδης Χρίστος"",""en"":""Kliridis Christos"",""tr"":""Klirídis Hrístos""}",,[]
kliridou-kaiti,[],,,female,,,[],"{""el"":""Κληρίδου Καίτη"",""en"":""Kliridou Kaiti"",""tr"":""Klirídu Kaíti""}","[{""name"":""Κληρίδη Καίτη"",""note"":""Alternative spelling (el-Grek)""}]",[]
konstantinou-kostas,"[""http://www.parliament.cy/easyconsole.cfm/id/386""]",1957-03-23,cconstantinou@parliament.cy,male,http://www.parliament.cy/assets/image/imageoriginal/KONSTANTINOU Kostas.jpg,"[""http://www.parliament.cy/assets/image/imageoriginal/KONSTANTINOU Kostas.jpg""]","[{""note"":{""el"":""Προφίλ στην ιστοσελίδα της Βουλής"",""en"":""Page on Parliament"",""tr"":null},""url"":""http://www.parliament.cy/easyconsole.cfm/id/386""}]","{""el"":""Κωνσταντίνου Κώστας"",""en"":""Konstantinou Kostas"",""tr"":""Konstandínu Kóstas""}","[{""name"":""Constantinou Costas"",""note"":""Official spelling in the 'en' locale; possibly anglicised""},{""name"":""Constantinou Costas"",""note"":""Official spelling in the 'el' locale; possibly anglicised""}]","[{""electoral_district_id"":""pafos"",""end_date"":""2006-05-31"",""party_id"":""disy"",""start_date"":""2001-06-07""},{""electoral_district_id"":""pafos"",""end_date"":""2011-06-01"",""party_id"":""disy"",""start_date"":""2006-06-01""},{""electoral_district_id"":""pafos"",""end_date"":""2016-04-14"",""party_id"":""disy"",""start_date"":""2011-06-02""}]"
konstantinou-neofytos,"[""http://www.parliament.cy/easyconsole.cfm/id/387""]",1954-12-16,nconstantinou@parliament.cy,male,http://www.parliament.cy/assets/image/imageoriginal/KONSTANTINOU Fitos.jpg,"[""http://www.parliament.cy/assets/image/imageoriginal/KONSTANTINOU Fitos.jpg""]","[{""note"":{""el"":""Προφίλ στην ιστοσελίδα της Βουλής"",""en"":""Page on Parliament"",""tr"":null},""url"":""http://www.parliament.cy/easyconsole.cfm/id/387""}]","{""el"":""Κωνσταντίνου Νεόφυτος"",""en"":""Konstantinou Neofytos"",""tr"":""Konstandínu Neófitos""}","[{""name"":""Constantinou Neophytos"",""note"":""Official spelling in the 'en' locale; possibly anglicised""}]","[{""electoral_district_id"":""lefkosia"",""end_date"":""2006-05-31"",""party_id"":""diko"",""start_date"":""2003-03-06""},{""electoral_district_id"":""lefkosia"",""end_date"":""2011-06-01"",""party_id"":""diko"",""start_date"":""2006-06-01""},{""electoral_district_id"":""lefkosia"",""end_date"":""2016-04-14"",""party_id"":""diko"",""start_date"":""2011-06-02""}]"
kosta-kostas,"[""http://www.parliament.cy/easyconsole.cfm/id/388""]",1971-03-26,ccosta@parliament.cy,male,http://www.parliament.cy/assets/image/imageoriginal/Costa Costas a.jpg,"[""http://www.parliament.cy/assets/image/imageoriginal/Costa Costas a.jpg""]","[{""note"":{""el"":""Προφίλ στην ιστοσελίδα της Βουλής"",""en"":""Page on Parliament"",""tr"":null},""url"":""http://www.parliament.cy/easyconsole.cfm/id/388""}]","{""el"":""Κώστα Κώστας"",""en"":""Kosta Kostas"",""tr"":""Kósta Kóstas""}","[{""name"":""Costa Costas"",""note"":""Official spelling in the 'en' locale; possibly anglicised""},{""name"":""Costa Costas"",""note"":""Official spelling in the 'el' locale; possibly anglicised""}]","[{""electoral_district_id"":""lemesos"",""end_date"":""2016-04-14"",""party_id"":""akel-nd"",""start_date"":""2011-06-02""}]"
koukouma-koutra-skevi,"[""http://www.parliament.cy/easyconsole.cfm/id/368""]",1954-07-18,skoukouma@parliament.cy,female,http://www.parliament.cy/assets/image/imageoriginal/Koutra- Koukouma Skevi a.jpg,"[""http://www.parliament.cy/assets/image/imageoriginal/Koutra- Koukouma Skevi a.jpg""]","[{""note"":{""el"":""Προφίλ στην ιστοσελίδα της Βουλής"",""en"":""Page on Parliament"",""tr"":null},""url"":""http://www.parliament.cy/easyconsole.cfm/id/368""}]","{""el"":""Κουκουμά Κούτρα Σκεύη"",""en"":""Koukouma Koutra Skevi"",""tr"":""Kukumá Kútra Skévi""}","[{""name"":""Κουκουμά Σκεύη"",""note"":""Short form (el-Grek)""},{""name"":""Koukouma Koutra Skevi"",""note"":""Official spelling in the 'en' locale; possibly anglicised""}]","[{""electoral_district_id"":""ammochostos"",""end_date"":""2011-06-01"",""party_id"":""akel-nd"",""start_date"":""2008-03-06""},{""electoral_district_id"":""ammochostos"",""end_date"":""2016-04-14"",""party_id"":""akel-nd"",""start_date"":""2011-06-02""}]"
koulias-zacharias,"[""http://www.parliament.cy/easyconsole.cfm/id/369""]",1950-12-07,zkoulias@parliament.cy,male,http://www.parliament.cy/assets/image/imageoriginal/KOULIAS ZACHARIAS.jpg,"[""http://www.parliament.cy/assets/image/imageoriginal/KOULIAS ZACHARIAS.jpg"",""http://www.parliament.cy/assets/image/imageoriginal/KOULIAS ZACHARIAS office.jpg""]","[{""note"":{""el"":""Προφίλ στην ιστοσελίδα της Βουλής"",""en"":""Page on Parliament"",""tr"":null},""url"":""http://www.parliament.cy/easyconsole.cfm/id/369""}]","{""el"":""Κουλίας Ζαχαρίας"",""en"":""Koulias Zacharias"",""tr"":""Kulías Zaharías""}","[{""name"":""Koulias Zacharias"",""note"":""Official spelling in the 'en' locale; possibly anglicised""},{""name"":""Koulias Zacharias"",""note"":""Official spelling in the 'el' locale; possibly anglicised""}]","[{""electoral_district_id"":""ammochostos"",""end_date"":""2006-05-31"",""party_id"":""diko"",""start_date"":""2001-06-07""},{""electoral_district_id"":""ammochostos"",""end_date"":""2011-06-01"",""party_id"":""diko"",""start_date"":""2006-06-01""},{""electoral_district_id"":""ammochostos"",""end_date"":""2011-06-03"",""party_id"":""diko"",""start_date"":""2011-06-02""},{""electoral_district_id"":""ammochostos"",""end_date"":""2016-04-14"",""party_id"":null,""start_date"":""2011-06-03""}]"
koutsou-nikos,"[""http://www.parliament.cy/easyconsole.cfm/id/370""]",1946-11-09,nkoutsou@parliament.cy,male,http://www.parliament.cy/assets/image/imageoriginal/KOUTSOU Nikos.jpg,"[""http://www.parliament.cy/assets/image/imageoriginal/KOUTSOU Nikos.jpg""]","[{""note"":{""el"":""Προφίλ στην ιστοσελίδα της Βουλής"",""en"":""Page on Parliament"",""tr"":null},""url"":""http://www.parliament.cy/easyconsole.cfm/id/370""}]","{""el"":""Κουτσού Νίκος"",""en"":""Koutsou Nikos"",""tr"":""Kutsú Níkos""}","[{""name"":""Koutsou Nikos"",""note"":""Official spelling in the 'en' locale; possibly anglicised""}]","[{""electoral_district_id"":""ammochostos"",""end_date"":""2011-06-01"",""party_id"":""evroko"",""start_date"":""2006-06-01""},{""electoral_district_id"":""ammochostos"",""end_date"":""2013-06-05"",""party_id"":""evroko"",""start_date"":""2011-06-02""},{""electoral_district_id"":""ammochostos"",""end_date"":""2016-04-14"",""party_id"":null,""start_date"":""2013-06-06""}]"
kyprianou-andreas,"[""http://www.parliament.cy/easyconsole.cfm/id/371""]",1962-04-30,andkyprianou@parliament.cy,male,http://www.parliament.cy/assets/image/imageoriginal/KYPRIANOU Andreas.jpg,"[""http://www.parliament.cy/assets/image/imageoriginal/KYPRIANOU Andreas.jpg""]","[{""note"":{""el"":""Προφίλ στην ιστοσελίδα της Βουλής"",""en"":""Page on Parliament"",""tr"":null},""url"":""http://www.parliament.cy/easyconsole.cfm/id/371""},{""note"":{""el"":""Προσωπική ιστοσελίδα"",""en"":""Personal website"",""tr"":null},""url"":""http://www.akyprianou.com/""}]","{""el"":""Κυπριανού Ανδρέας"",""en"":""Kyprianou Andreas"",""tr"":""Kiprianú Andréas""}","[{""name"":""Kyprianou Andreas"",""note"":""Official spelling in the 'en' locale; possibly anglicised""},{""name"":""Kyprianou Andreas"",""note"":""Official spelling in the 'el' locale; possibly anglicised""}]","[{""electoral_district_id"":""lemesos"",""end_date"":""2011-06-01"",""party_id"":""disy"",""start_date"":""2009-07-15""},{""electoral_district_id"":""lemesos"",""end_date"":""2016-04-14"",""party_id"":""disy"",""start_date"":""2011-06-02""}]"
kyprianou-antros,"[""http://www.parliament.cy/easyconsole.cfm/id/372""]",1955-10-26,akyprianou@parliament.cy,male,http://www.parliament.cy/assets/image/imageoriginal/Kiprianou Andros a.jpg,"[""http://www.parliament.cy/assets/image/imageoriginal/Kiprianou Andros a.jpg""]","[{""note"":{""el"":""Προφίλ στην ιστοσελίδα της Βουλής"",""en"":""Page on Parliament"",""tr"":null},""url"":""http://www.parliament.cy/easyconsole.cfm/id/372""}]","{""el"":""Κυπριανού Άντρος"",""en"":""Kyprianou Antros"",""tr"":""Kiprianú Ándros""}","[{""name"":""Kyprianou Andros"",""note"":""Official spelling in the 'en' locale; possibly anglicised""}]","[{""electoral_district_id"":""lefkosia"",""end_date"":""2006-05-31"",""party_id"":""akel-nd"",""start_date"":""2001-06-07""},{""electoral_district_id"":""lefkosia"",""end_date"":""2011-06-01"",""party_id"":""akel-nd"",""start_date"":""2006-06-01""},{""electoral_district_id"":""lefkosia"",""end_date"":""2016-04-14"",""party_id"":""akel-nd"",""start_date"":""2011-06-02""}]"
kyriakidou-athina,"[""http://www.parliament.cy/easyconsole.cfm/id/373""]",,akyriakidou@parliament.cy,female,http://www.parliament.cy/assets/image/imageoriginal/KYRIAKIDOU Athina.jpg,"[""http://www.parliament.cy/assets/image/imageoriginal/KYRIAKIDOU Athina.jpg""]","[{""note"":{""el"":""Προφίλ στην ιστοσελίδα της Βουλής"",""en"":""Page on Parliament"",""tr"":null},""url"":""http://www.parliament.cy/easyconsole.cfm/id/373""}]","{""el"":""Κυριακίδου Αθηνά"",""en"":""Kyriakidou Athina"",""tr"":""Kiriakídu Athiná""}","[{""name"":""Kyriakidou Athina"",""note"":""Official spelling in the 'en' locale; possibly anglicised""},{""name"":""Kyriakidou Athina"",""note"":""Official spelling in the 'el' locale; possibly anglicised""}]","[{""electoral_district_id"":""lemesos"",""end_date"":""2006-05-31"",""party_id"":""diko"",""start_date"":""2004-07-20""},{""electoral_district_id"":""lemesos"",""end_date"":""2011-06-01"",""party_id"":""diko"",""start_date"":""2006-06-01""},{""electoral_district_id"":""lemesos"",""end_date"":""2016-04-14"",""party_id"":""diko"",""start_date"":""2011-06-02""}]"
kyriakidou-stella,"[""http://www.parliament.cy/easyconsole.cfm/id/385""]",1956-03-10,skyriakidou@parliament.cy,female,http://www.parliament.cy/assets/image/imageoriginal/KYRIAKIDOU Stella.jpg,"[""http://www.parliament.cy/assets/image/imageoriginal/KYRIAKIDOU Stella.jpg""]","[{""note"":{""el"":""Προφίλ στην ιστοσελίδα της Βουλής"",""en"":""Page on Parliament"",""tr"":null},""url"":""http://www.parliament.cy/easyconsole.cfm/id/385""},{""note"":{""el"":""Προσωπική ιστοσελίδα"",""en"":""Personal website"",""tr"":null},""url"":""http://www.stellakyriakides.com/""}]","{""el"":""Κυριακίδου Στέλλα"",""en"":""Kyriakidou Stella"",""tr"":""Kiriakídu Stélla""}","[{""name"":""Kyriakides Stella"",""note"":""Official spelling in the 'en' locale; possibly anglicised""}]","[{""electoral_district_id"":""lefkosia"",""end_date"":""2011-06-01"",""party_id"":""disy"",""start_date"":""2006-06-01""},{""electoral_district_id"":""lefkosia"",""end_date"":""2016-04-14"",""party_id"":""disy"",""start_date"":""2011-06-02""}]"
kyriakou-maria,"[""http://www.parliament.cy/easyconsole.cfm/id/396""]",1950-09-26,mkyriakou@parliament.cy,female,http://www.parliament.cy/assets/image/imageoriginal/KYRIAKOU MARIA.JPG,"[""http://www.parliament.cy/assets/image/imageoriginal/KYRIAKOU MARIA.JPG""]","[{""note"":{""el"":""Προφίλ στην ιστοσελίδα της Βουλής"",""en"":""Page on Parliament"",""tr"":null},""url"":""http://www.parliament.cy/easyconsole.cfm/id/396""}]","{""el"":""Κυριακού Μαρία"",""en"":""Kyriakou Maria"",""tr"":""Kiriakú María""}","[{""name"":""Kyriakou Maria"",""note"":""Official spelling in the 'en' locale; possibly anglicised""},{""name"":""Kyriacou Maria"",""note"":""Official spelling in the 'el' locale; possibly anglicised""}]","[{""electoral_district_id"":""lefkosia"",""end_date"":""2006-05-31"",""party_id"":""disy"",""start_date"":""2001-06-07""},{""electoral_district_id"":""lefkosia"",""end_date"":""2011-06-01"",""party_id"":""disy"",""start_date"":""2006-06-01""},{""electoral_district_id"":""lefkosia"",""end_date"":""2016-04-14"",""party_id"":""disy"",""start_date"":""2013-03-07""}]"
lamaris-giannos,"[""http://www.parliament.cy/easyconsole.cfm/id/389""]",1955-10-14,ylamaris@parliament.cy,male,http://www.parliament.cy/assets/image/imageoriginal/Lamaris Giannos a.jpg,"[""http://www.parliament.cy/assets/image/imageoriginal/Lamaris Giannos a.jpg""]","[{""note"":{""el"":""Προφίλ στην ιστοσελίδα της Βουλής"",""en"":""Page on Parliament"",""tr"":null},""url"":""http://www.parliament.cy/easyconsole.cfm/id/389""}]","{""el"":""Λαμάρης Γιάννος"",""en"":""Lamaris Giannos"",""tr"":""Lamáris Yiánnos""}","[{""name"":""Lamaris Yiannos"",""note"":""Official spelling in the 'en' locale; possibly anglicised""}]","[{""electoral_district_id"":""lemesos"",""end_date"":""2006-05-31"",""party_id"":""akel-nd"",""start_date"":""2001-06-07""},{""electoral_district_id"":""lemesos"",""end_date"":""2011-06-01"",""party_id"":""akel-nd"",""start_date"":""2006-06-01""},{""electoral_district_id"":""lemesos"",""end_date"":""2016-04-14"",""party_id"":""akel-nd"",""start_date"":""2011-06-02""}]"
loukaidis-giorgos,"[""http://www.parliament.cy/easyconsole.cfm/id/390""]",1968-12-05,gloukaides@parliament.cy,male,http://www.parliament.cy/assets/image/imageoriginal/Loukaidis Giwrgos a.jpg,"[""http://www.parliament.cy/assets/image/imageoriginal/Loukaidis Giwrgos a.jpg""]","[{""note"":{""el"":""Προφίλ στην ιστοσελίδα της Βουλής"",""en"":""Page on Parliament"",""tr"":null},""url"":""http://www.parliament.cy/easyconsole.cfm/id/390""}]","{""el"":""Λουκαΐδης Γιώργος"",""en"":""Loukaidis Giorgos"",""tr"":""Lukaḯdis Yórgos""}","[{""name"":""Loukaides George"",""note"":""Official spelling in the 'en' locale; possibly anglicised""},{""name"":""Loukaides George"",""note"":""Official spelling in the 'el' locale; possibly anglicised""}]","[{""electoral_district_id"":""lefkosia"",""end_date"":""2016-04-14"",""party_id"":""akel-nd"",""start_date"":""2011-06-02""}]"
machtesian-vartkes,[],,,male,,,[],"{""el"":""Μαχτεσιάν Βαρτκές"",""en"":""Machtesian Vartkes"",""tr"":""Mahtesián Vartkés""}",,[]
mantovani-benito,[],,,male,,,[],"{""el"":""Μαντοβάνη Μπενίτο"",""en"":""Mantovani Benito"",""tr"":""Mandováni Beníto""}",,[]
mappouridis-rikkos,"[""http://www.parliament.cy/easyconsole.cfm/id/399""]",1959-07-14,amappourides@parliament.cy,male,http://www.parliament.cy/assets/image/imageoriginal/MAPPOURIDES Rikkos.jpg,"[""http://www.parliament.cy/assets/image/imageoriginal/MAPPOURIDES Rikkos.jpg""]","[{""note"":{""el"":""Προφίλ στην ιστοσελίδα της Βουλής"",""en"":""Page on Parliament"",""tr"":null},""url"":""http://www.parliament.cy/easyconsole.cfm/id/399""}]","{""el"":""Μαππουρίδης Ρίκκος"",""en"":""Mappouridis Rikkos"",""tr"":""Mappurídis Ríkkos""}","[{""name"":""Mappourides Rikkos"",""note"":""Official spelling in the 'en' locale; possibly anglicised""}]","[{""electoral_district_id"":""lefkosia"",""end_date"":""2016-04-14"",""party_id"":""disy"",""start_date"":""2013-03-07""}]"
matsakis-marios,[],,,male,,,[],"{""el"":""Ματσάκης Μάριος"",""en"":""Matsakis Marios"",""tr"":""Matsákis Mários""}",,[]
mavridis-marios,"[""http://www.parliament.cy/easyconsole.cfm/id/391""]",1963-08-05,mmavrides@parliament.cy,male,http://www.parliament.cy/assets/image/imageoriginal/MAVRIDES-Marios.jpg,"[""http://www.parliament.cy/assets/image/imageoriginal/MAVRIDES-Marios.jpg""]","[{""note"":{""el"":""Προφίλ στην ιστοσελίδα της Βουλής"",""en"":""Page on Parliament"",""tr"":null},""url"":""http://www.parliament.cy/easyconsole.cfm/id/391""}]","{""el"":""Μαυρίδης Μάριος"",""en"":""Mavridis Marios"",""tr"":""Mavrídis Mários""}","[{""name"":""Mavrides Marios"",""note"":""Official spelling in the 'en' locale; possibly anglicised""},{""name"":""Mavrides Marios"",""note"":""Official spelling in the 'el' locale; possibly anglicised""}]","[{""electoral_district_id"":""keryneia"",""end_date"":""2016-04-14"",""party_id"":""disy"",""start_date"":""2011-06-02""}]"
mavrochannas-klavdios,[],,,male,,,[],"{""el"":""Μαυροχάννας Κλαύδιος"",""en"":""Mavrochannas Klavdios"",""tr"":""Mavrohánnas Klávdios""}",,[]
mavronikola-roula,"[""http://www.parliament.cy/easyconsole.cfm/id/392""]",1957-07-16,rmavronikola@parliament.cy,female,http://www.parliament.cy/assets/image/imageoriginal/MAVRONIKOLA Roula.jpg,"[""http://www.parliament.cy/assets/image/imageoriginal/MAVRONIKOLA Roula.jpg""]","[{""note"":{""el"":""Προφίλ στην ιστοσελίδα της Βουλής"",""en"":""Page on Parliament"",""tr"":null},""url"":""http://www.parliament.cy/easyconsole.cfm/id/392""}]","{""el"":""Μαυρονικόλα Ρούλα"",""en"":""Mavronikola Roula"",""tr"":""Mavronikóla Rúla""}","[{""name"":""Μαυρονικόλα Ρούλλα"",""note"":""Alternative spelling (el-Grek)""},{""name"":""Mavronicola Roula"",""note"":""Official spelling in the 'en' locale; possibly anglicised""}]","[{""electoral_district_id"":""lefkosia"",""end_date"":""2011-06-01"",""party_id"":""edek"",""start_date"":""2006-06-01""},{""electoral_district_id"":""lefkosia"",""end_date"":""2016-04-14"",""party_id"":""edek"",""start_date"":""2011-06-02""}]"
mavrou-eleni,[],,,female,,,[],"{""el"":""Μαύρου Ελένη"",""en"":""Mavrou Eleni"",""tr"":""Mávru Eléni""}",,[]
mesis-christos,"[""http://www.parliament.cy/easyconsole.cfm/id/393""]",1957-08-25,cmessis@parliament.cy,male,http://www.parliament.cy/assets/image/imageoriginal/Mesis Christos a.jpg,"[""http://www.parliament.cy/assets/image/imageoriginal/Mesis Christos a.jpg""]","[{""note"":{""el"":""Προφίλ στην ιστοσελίδα της Βουλής"",""en"":""Page on Parliament"",""tr"":null},""url"":""http://www.parliament.cy/easyconsole.cfm/id/393""}]","{""el"":""Μέσης Χρίστος"",""en"":""Mesis Christos"",""tr"":""Mésis Hrístos""}","[{""name"":""Messis Christos"",""note"":""Official spelling in the 'en' locale; possibly anglicised""},{""name"":""Messis Christos"",""note"":""Official spelling in the 'el' locale; possibly anglicised""}]","[{""electoral_district_id"":""lemesos"",""end_date"":""2016-04-14"",""party_id"":""akel-nd"",""start_date"":""2011-06-02""}]"
michailidis-andreas,"[""http://www.parliament.cy/easyconsole.cfm/id/401""]",1952-12-29,amichaelides@parliament.cy,male,http://www.parliament.cy/assets/image/imageoriginal/MICHAELIDES Antreas.jpg,"[""http://www.parliament.cy/assets/image/imageoriginal/MICHAELIDES Antreas.jpg""]","[{""note"":{""el"":""Προφίλ στην ιστοσελίδα της Βουλής"",""en"":""Page on Parliament"",""tr"":null},""url"":""http://www.parliament.cy/easyconsole.cfm/id/401""}]","{""el"":""Μιχαηλίδης Ανδρέας"",""en"":""Michailidis Andreas"",""tr"":""Mihailídis Andréas""}","[{""name"":""Michaelides Andreas"",""note"":""Official spelling in the 'en' locale; possibly anglicised""}]","[{""electoral_district_id"":""lemesos"",""end_date"":""2016-04-14"",""party_id"":""disy"",""start_date"":""2011-06-02""}]"
michailidis-ntinos,[],,,male,,,[],"{""el"":""Μιχαηλίδης Ντίνος"",""en"":""Michailidis Ntinos"",""tr"":""Mihailídis Dínos""}",,[]
michailidis-thasos,[],,,male,,,[],"{""el"":""Μιχαηλίδης Θάσος"",""en"":""Michailidis Thasos"",""tr"":""Mihailídis Thásos""}",,[]
misos-aristotelis,"[""http://www.parliament.cy/easyconsole.cfm/id/397""]",1959-12-02,amisos@parliament.cy,male,http://www.parliament.cy/assets/image/imageoriginal/MISOS Aristotelis.jpg,"[""http://www.parliament.cy/assets/image/imageoriginal/MISOS Aristotelis.jpg""]","[{""note"":{""el"":""Προφίλ στην ιστοσελίδα της Βουλής"",""en"":""Page on Parliament"",""tr"":null},""url"":""http://www.parliament.cy/easyconsole.cfm/id/397""}]","{""el"":""Μισός Αριστοτέλης"",""en"":""Misos Aristotelis"",""tr"":""Misós Aristotélis""}","[{""name"":""Misos Aristotelis"",""note"":""Official spelling in the 'en' locale; possibly anglicised""},{""name"":""Misos Aristotelis"",""note"":""Official spelling in the 'el' locale; possibly anglicised""}]","[{""electoral_district_id"":""larnaka"",""end_date"":""2016-04-14"",""party_id"":""disy"",""start_date"":""2013-03-07""}]"
mitsopoulos-tasos,"[""http://www.parliament.cy/easyconsole.cfm/id/911""]",1965-05-30,,male,http://www.parliament.cy/assets/image/imageoriginal/MITSOPOULOS Tasos.jpg,"[""http://www.parliament.cy/assets/image/imageoriginal/MITSOPOULOS Tasos.jpg""]","[{""note"":{""el"":""Προφίλ στην ιστοσελίδα της Βουλής"",""en"":""Page on Parliament"",""tr"":null},""url"":""http://www.parliament.cy/easyconsole.cfm/id/911""}]","{""el"":""Μητσόπουλος Τάσος"",""en"":""Mitsopoulos Tasos"",""tr"":""Mitsópulos Tásos""}","[{""name"":""Mitsopoulos Tasos"",""note"":""Official spelling in the 'en' locale; possibly anglicised""}]","[{""electoral_district_id"":""larnaka"",""end_date"":""2011-06-01"",""party_id"":""disy"",""start_date"":""2006-06-01""},{""electoral_district_id"":""larnaka"",""end_date"":""2013-02-28"",""party_id"":""disy"",""start_date"":""2011-06-02""}]"
mouskallis-andreas,[],,,male,,,[],"{""el"":""Μουσκάλλης Ανδρέας"",""en"":""Mouskallis Andreas"",""tr"":""Muskállis Andréas""}",,[]
myrianthous-ilias,[],,,male,,,[],"{""el"":""Μυριάνθους Ηλίας"",""en"":""Myrianthous Ilias"",""tr"":""Miriánthus İlías""}",,[]
neofytou-averof,"[""http://www.parliament.cy/easyconsole.cfm/id/402""]",1961-07-31,aneofytou@parliament.cy,male,http://www.parliament.cy/assets/image/imageoriginal/NEOFYTOU Averof.jpg,"[""http://www.parliament.cy/assets/image/imageoriginal/NEOFYTOU Averof.jpg""]","[{""note"":{""el"":""Προφίλ στην ιστοσελίδα της Βουλής"",""en"":""Page on Parliament"",""tr"":null},""url"":""http://www.parliament.cy/easyconsole.cfm/id/402""},{""note"":{""el"":""Προσωπική ιστοσελίδα"",""en"":""Personal website"",""tr"":null},""url"":""http://averof.org.cy/""},{""note"":{""el"":""Facebook"",""en"":""Facebook""},""url"":""https://www.facebook.com/AverofNeofytou""},{""note"":{""el"":""twitter"",""en"":""twitter"",""tr"":""twitter""},""url"":""https://twitter.com/AverofCY""}]","{""el"":""Νεοφύτου Αβέρωφ"",""en"":""Neofytou Averof"",""tr"":""Neofítu Avérof""}","[{""name"":""Neofytou Averof"",""note"":""Official spelling in the 'en' locale; possibly anglicised""},{""name"":""Neofytou Averof"",""note"":""Official spelling in the 'el' locale; possibly anglicised""}]","[{""electoral_district_id"":""lefkosia"",""end_date"":""2011-06-01"",""party_id"":""disy"",""start_date"":""2006-06-01""},{""electoral_district_id"":""lefkosia"",""end_date"":""2016-04-14"",""party_id"":""disy"",""start_date"":""2011-06-02""}]"
nikolaidis-nikos,"[""http://www.parliament.cy/easyconsole.cfm/id/403""]",1953-11-02,nnikolaides@parliament.cy,male,http://www.parliament.cy/assets/image/imageoriginal/Nikos_Nikolaides.jpg,"[""http://www.parliament.cy/assets/image/imageoriginal/Nikos_Nikolaides.jpg""]","[{""note"":{""el"":""Προφίλ στην ιστοσελίδα της Βουλής"",""en"":""Page on Parliament"",""tr"":null},""url"":""http://www.parliament.cy/easyconsole.cfm/id/403""},{""note"":{""el"":""Προσωπική ιστοσελίδα"",""en"":""Personal website"",""tr"":null},""url"":""http://nnicolaides.com.cy/""}]","{""el"":""Νικολαΐδης Νίκος"",""en"":""Nikolaidis Nikos"",""tr"":""Nikolaḯdis Níkos""}","[{""name"":""Nicolaides Nicos"",""note"":""Official spelling in the 'en' locale; possibly anglicised""}]","[{""electoral_district_id"":""lemesos"",""end_date"":""2016-04-14"",""party_id"":""edek"",""start_date"":""2011-06-02""}]"
nikolaou-ionas,"[""http://www.parliament.cy/easyconsole.cfm/id/912""]",1963-01-21,,male,http://www.parliament.cy/assets/image/imageoriginal/NIKOLAOU Ionas.jpg,"[""http://www.parliament.cy/assets/image/imageoriginal/NIKOLAOU Ionas.jpg""]","[{""note"":{""el"":""Προφίλ στην ιστοσελίδα της Βουλής"",""en"":""Page on Parliament"",""tr"":null},""url"":""http://www.parliament.cy/easyconsole.cfm/id/912""}]","{""el"":""Νικολάου Ιωνάς"",""en"":""Nikolaou Ionas"",""tr"":""Nikoláu İonás""}","[{""name"":""Nicolaou Ionas"",""note"":""Official spelling in the 'el' locale; possibly anglicised""}]","[{""electoral_district_id"":""lefkosia"",""end_date"":""2006-05-31"",""party_id"":""disy"",""start_date"":""2001-06-07""},{""electoral_district_id"":""lefkosia"",""end_date"":""2011-06-01"",""party_id"":""disy"",""start_date"":""2006-06-01""},{""electoral_district_id"":""lefkosia"",""end_date"":""2013-02-28"",""party_id"":""disy"",""start_date"":""2011-06-02""}]"
nouris-nikos,"[""http://www.parliament.cy/easyconsole.cfm/id/398""]",1960-11-14,nnouris@parliament.cy,male,http://www.parliament.cy/assets/image/imageoriginal/NOURIS Nikos.jpg,"[""http://www.parliament.cy/assets/image/imageoriginal/NOURIS Nikos.jpg""]","[{""note"":{""el"":""Προφίλ στην ιστοσελίδα της Βουλής"",""en"":""Page on Parliament"",""tr"":null},""url"":""http://www.parliament.cy/easyconsole.cfm/id/398""},{""note"":{""el"":""Προσωπική ιστοσελίδα"",""en"":""Personal website"",""tr"":null},""url"":""http://www.nicosnouris.com/""}]","{""el"":""Νουρής Νίκος"",""en"":""Nouris Nikos"",""tr"":""Nurís Níkos""}","[{""name"":""Nouris Nicos"",""note"":""Official spelling in the 'en' locale; possibly anglicised""}]","[{""electoral_district_id"":""lefkosia"",""end_date"":""2016-04-14"",""party_id"":""disy"",""start_date"":""2013-03-07""}]"
omirou-giannakis,"[""http://www.parliament.cy/easyconsole.cfm/id/187""]",1951-09-18,yomirou@parliament.cy,male,http://www.parliament.cy/assets/image/imageoriginal/Yiannakis Omirou.jpg,"[""http://www.parliament.cy/assets/image/imageoriginal/Yiannakis Omirou.jpg"",""http://www.parliament.cy/assets/image/imageoriginal/omirou_strasbourg_6-2-2013.jpg"",""http://www.parliament.cy/assets/image/imageoriginal/2013-02-11 09.15.32.jpg"",""http://www.parliament.cy/assets/image/imageoriginal/EgkatProedr28Febr2013.jpg""]","[{""note"":{""el"":""Προφίλ στην ιστοσελίδα της Βουλής"",""en"":""Page on Parliament"",""tr"":null},""url"":""http://www.parliament.cy/easyconsole.cfm/id/187""},{""note"":{""el"":""Προσωπική ιστοσελίδα"",""en"":""Personal website"",""tr"":null},""url"":""http://www.giannakisomirou.com/""}]","{""el"":""Ομήρου Γιαννάκης"",""en"":""Omirou Giannakis"",""tr"":""Omíru Yannákis""}","[{""name"":""Omirou Yiannakis"",""note"":""Official spelling in the 'en' locale; possibly anglicised""}]","[{""electoral_district_id"":""pafos"",""end_date"":""2006-05-31"",""party_id"":""kisos"",""start_date"":""2001-06-07""},{""electoral_district_id"":""lefkosia"",""end_date"":""2011-06-01"",""party_id"":""edek"",""start_date"":""2006-06-01""},{""electoral_district_id"":""lefkosia"",""end_date"":""2016-04-14"",""party_id"":""edek"",""start_date"":""2011-06-02""}]"
papadopoulos-nikolas,"[""http://www.parliament.cy/easyconsole.cfm/id/406""]",1973-04-22,npapadopoulos@parliament.cy,male,http://www.parliament.cy/assets/image/imageoriginal/PAPADOPOULOS Nikolas.jpg,"[""http://www.parliament.cy/assets/image/imageoriginal/PAPADOPOULOS Nikolas.jpg""]","[{""note"":{""el"":""Προφίλ στην ιστοσελίδα της Βουλής"",""en"":""Page on Parliament"",""tr"":null},""url"":""http://www.parliament.cy/easyconsole.cfm/id/406""},{""note"":{""el"":""Προσωπική ιστοσελίδα"",""en"":""Personal website"",""tr"":null},""url"":""http://www.npapadopoulos.com/""},{""note"":{""el"":""twitter"",""en"":""twitter"",""tr"":""twitter""},""url"":""https://twitter.com/NicholasPapadop""}]","{""el"":""Παπαδόπουλος Νικόλας"",""en"":""Papadopoulos Nikolas"",""tr"":""Papadópulos Nikólas""}","[{""name"":""Papadopoulos Nicholas"",""note"":""Official spelling in the 'en' locale; possibly anglicised""},{""name"":""Papadopoulos Nicholas"",""note"":""Official spelling in the 'el' locale; possibly anglicised""}]","[{""electoral_district_id"":""lefkosia"",""end_date"":""2011-06-01"",""party_id"":""diko"",""start_date"":""2006-06-01""},{""electoral_district_id"":""lefkosia"",""end_date"":""2016-04-14"",""party_id"":""diko"",""start_date"":""2011-06-02""}]"
papadopoulou-antigoni,[],,,female,,,[],"{""el"":""Παπαδοπούλου Αντιγόνη"",""en"":""Papadopoulou Antigoni"",""tr"":""Papadopúlu Andigóni""}",,[]
papageorgiou-pampos,"[""http://www.parliament.cy/easyconsole.cfm/id/405""]",1963-06-15,cpapageorgiou@parliament.cy,male,http://www.parliament.cy/assets/image/imageoriginal/Papagewrgiou Pampos a.jpg,"[""http://www.parliament.cy/assets/image/imageoriginal/Papagewrgiou Pampos a.jpg""]","[{""note"":{""el"":""Προφίλ στην ιστοσελίδα της Βουλής"",""en"":""Page on Parliament"",""tr"":null},""url"":""http://www.parliament.cy/easyconsole.cfm/id/405""}]","{""el"":""Παπαγεωργίου Πάμπος"",""en"":""Papageorgiou Pampos"",""tr"":""Papayeoryíu Pámbos""}","[{""name"":""Papageorgiou Bambos"",""note"":""Official spelling in the 'en' locale; possibly anglicised""},{""name"":""Παπαγεωργίου Χαράλαμπος"",""note"":""Full form (el-Grek)""}]","[{""electoral_district_id"":""keryneia"",""end_date"":""2016-04-14"",""party_id"":""akel-nd"",""start_date"":""2011-06-02""}]"
papakostas-kostas,[],,,male,,,[],"{""el"":""Παπακώστας Κώστας"",""en"":""Papakostas Kostas"",""tr"":""Papakóstas Kóstas""}",,[]
papapolyviou-andreas,[],,,male,,,[],"{""el"":""Παπαπολυβίου Ανδρέας"",""en"":""Papapolyviou Andreas"",""tr"":""Papapolivíu Andréas""}",,[]
perdikis-giorgos,"[""http://www.parliament.cy/easyconsole.cfm/id/407""]",1962-03-23,gperdikes@parliament.cy,male,http://www.parliament.cy/assets/image/imageoriginal/PERDIKES George.jpg,"[""http://www.parliament.cy/assets/image/imageoriginal/PERDIKES George.jpg""]","[{""note"":{""el"":""Προφίλ στην ιστοσελίδα της Βουλής"",""en"":""Page on Parliament"",""tr"":null},""url"":""http://www.parliament.cy/easyconsole.cfm/id/407""},{""note"":{""el"":""Blog"",""en"":""Blog"",""tr"":""Blog""},""url"":""http://georgeperdikis.blogspot.com/""}]","{""el"":""Περδίκης Γιώργος"",""en"":""Perdikis Giorgos"",""tr"":""Perdíkis Yórgos""}","[{""name"":""Perdikis Giorgos"",""note"":""Official spelling in the 'en' locale; possibly anglicised""},{""name"":""Perdikis Giorgos"",""note"":""Official spelling in the 'el' locale; possibly anglicised""}]","[{""electoral_district_id"":""lefkosia"",""end_date"":""2006-05-31"",""party_id"":""oikologoi"",""start_date"":""2001-06-07""},{""electoral_district_id"":""lefkosia"",""end_date"":""2011-06-01"",""party_id"":""oikologoi"",""start_date"":""2006-06-01""},{""electoral_district_id"":""lefkosia"",""end_date"":""2016-04-14"",""party_id"":""oikologoi"",""start_date"":""2011-06-02""}]"
pitsillidis-andreas,"[""http://www.parliament.cy/easyconsole.cfm/id/913""]",1977-06-09,,male,http://www.parliament.cy/assets/image/imageoriginal/PITSILLIDES Andreas.jpg,"[""http://www.parliament.cy/assets/image/imageoriginal/PITSILLIDES Andreas.jpg""]","[{""note"":{""el"":""Προφίλ στην ιστοσελίδα της Βουλής"",""en"":""Page on Parliament"",""tr"":null},""url"":""http://www.parliament.cy/easyconsole.cfm/id/913""}]","{""el"":""Πιτσιλλίδης Ανδρέας"",""en"":""Pitsillidis Andreas"",""tr"":""Pitsillídis Andréas""}","[{""name"":""Pitsillides Andreas"",""note"":""Official spelling in the 'en' locale; possibly anglicised""}]","[{""electoral_district_id"":""lefkosia"",""end_date"":""2013-02-28"",""party_id"":""disy"",""start_date"":""2011-06-02""}]"
pittokopitis-nikos,[],,,male,,,[],"{""el"":""Πιττοκοπίτης Νίκος"",""en"":""Pittokopitis Nikos"",""tr"":""Pittokopítis Níkos""}",,[]
pourgouridis-christos,[],,,male,,,[],"{""el"":""Πουργουρίδης Χρήστος"",""en"":""Pourgouridis Christos"",""tr"":""Purgurídis Hrístos""}",,[]
prodromou-prodromos,"[""http://www.parliament.cy/easyconsole.cfm/id/400""]",1958-11-23,pprodromou@parliament.cy,male,http://www.parliament.cy/assets/image/imageoriginal/PRODROMOU Prodromos.jpg,"[""http://www.parliament.cy/assets/image/imageoriginal/PRODROMOU Prodromos.jpg""]","[{""note"":{""el"":""Προφίλ στην ιστοσελίδα της Βουλής"",""en"":""Page on Parliament"",""tr"":null},""url"":""http://www.parliament.cy/easyconsole.cfm/id/400""},{""note"":{""el"":""Προσωπική ιστοσελίδα"",""en"":""Personal website"",""tr"":null},""url"":""http://pprodromou.net/""},{""note"":{""el"":""twitter"",""en"":""twitter"",""tr"":""twitter""},""url"":""https://twitter.com/pprodromou""}]","{""el"":""Προδρόμου Πρόδρομος"",""en"":""Prodromou Prodromos"",""tr"":""Prodrómu Pródromos""}","[{""name"":""Prodromou Prodromos"",""note"":""Official spelling in the 'en' locale; possibly anglicised""},{""name"":""Prodromou Prodromos"",""note"":""Official spelling in the 'el' locale; possibly anglicised""}]","[{""electoral_district_id"":""lefkosia"",""end_date"":""2004-05-01"",""party_id"":""disy"",""start_date"":""2001-06-07""},{""electoral_district_id"":""lefkosia"",""end_date"":""2006-05-31"",""party_id"":null,""start_date"":""2004-05-02""},{""electoral_district_id"":""lefkosia"",""end_date"":""2016-04-14"",""party_id"":""disy"",""start_date"":""2013-03-07""}]"
prokopiou-georgios,"[""http://www.parliament.cy/easyconsole.cfm/id/409""]",1956-10-22,giprokopiou@parliament.cy,male,http://www.parliament.cy/assets/image/imageoriginal/PROKOPIOU Giorgos.jpg,"[""http://www.parliament.cy/assets/image/imageoriginal/PROKOPIOU Giorgos.jpg""]","[{""note"":{""el"":""Προφίλ στην ιστοσελίδα της Βουλής"",""en"":""Page on Parliament"",""tr"":null},""url"":""http://www.parliament.cy/easyconsole.cfm/id/409""}]","{""el"":""Προκοπίου Γεώργιος"",""en"":""Prokopiou Georgios"",""tr"":""Prokopíu Yeóryios""}","[{""name"":""Prokopiou Georgios"",""note"":""Official spelling in the 'en' locale; possibly anglicised""}]","[{""electoral_district_id"":""larnaka"",""end_date"":""2016-04-14"",""party_id"":""diko"",""start_date"":""2011-06-02""}]"
rotsas-christos,[],,,male,,,[],"{""el"":""Ρότσας Χρίστος"",""en"":""Rotsas Christos"",""tr"":""Rótsas Hrístos""}",,[]
sampson-sotiris,"[""http://www.parliament.cy/easyconsole.cfm/id/410""]",1965-08-06,ssampson@parliament.cy,male,http://www.parliament.cy/assets/image/imageoriginal/SAMPSON Sotiris.jpg,"[""http://www.parliament.cy/assets/image/imageoriginal/SAMPSON Sotiris.jpg""]","[{""note"":{""el"":""Προφίλ στην ιστοσελίδα της Βουλής"",""en"":""Page on Parliament"",""tr"":null},""url"":""http://www.parliament.cy/easyconsole.cfm/id/410""}]","{""el"":""Σαμψών Σωτήρης"",""en"":""Sampson Sotiris"",""tr"":""Sampsón Sotíris""}","[{""name"":""Sampson Sotiris"",""note"":""Official spelling in the 'en' locale; possibly anglicised""}]","[{""electoral_district_id"":""ammochostos"",""end_date"":""2006-05-31"",""party_id"":""disy"",""start_date"":""2001-06-07""},{""electoral_district_id"":""ammochostos"",""end_date"":""2011-06-01"",""party_id"":""disy"",""start_date"":""2006-06-01""},{""electoral_district_id"":""ammochostos"",""end_date"":""2016-04-14"",""party_id"":""disy"",""start_date"":""2011-06-02""}]"
sarikas-feidias,"[""http://www.parliament.cy/easyconsole.cfm/id/411""]",1957-10-01,fsarikas@parliament.cy,male,http://www.parliament.cy/assets/image/imageoriginal/SARIKAS Fidias.jpg,"[""http://www.parliament.cy/assets/image/imageoriginal/SARIKAS Fidias.jpg""]","[{""note"":{""el"":""Προφίλ στην ιστοσελίδα της Βουλής"",""en"":""Page on Parliament"",""tr"":null},""url"":""http://www.parliament.cy/easyconsole.cfm/id/411""}]","{""el"":""Σαρίκας Φειδίας"",""en"":""Sarikas Feidias"",""tr"":""Saríkas Fidías""}","[{""name"":""Sarikas Fidias"",""note"":""Official spelling in the 'en' locale; possibly anglicised""},{""name"":""Sarikas Fidias"",""note"":""Official spelling in the 'el' locale; possibly anglicised""}]","[{""electoral_district_id"":""pafos"",""end_date"":""2011-06-01"",""party_id"":""edek"",""start_date"":""2006-06-01""},{""electoral_district_id"":""pafos"",""end_date"":""2016-04-14"",""party_id"":""edek"",""start_date"":""2011-06-02""}]"
stavrianos-panikkos,"[""http://www.parliament.cy/easyconsole.cfm/id/412""]",1964-02-07,pstavrianos@parliament.cy,male,http://www.parliament.cy/assets/image/imageoriginal/Stavrianos Panikkos a.jpg,"[""http://www.parliament.cy/assets/image/imageoriginal/Stavrianos Panikkos a.jpg""]","[{""note"":{""el"":""Προφίλ στην ιστοσελίδα της Βουλής"",""en"":""Page on Parliament"",""tr"":null},""url"":""http://www.parliament.cy/easyconsole.cfm/id/412""}]","{""el"":""Σταυριανός Πανίκκος"",""en"":""Stavrianos Panikkos"",""tr"":""Stavrianós Paníkkos""}","[{""name"":""Stavrianos Panikkos"",""note"":""Official spelling in the 'en' locale; possibly anglicised""}]","[{""electoral_district_id"":""larnaka"",""end_date"":""2011-06-01"",""party_id"":""akel-nd"",""start_date"":""2006-06-01""},{""electoral_district_id"":""larnaka"",""end_date"":""2016-04-14"",""party_id"":""akel-nd"",""start_date"":""2011-06-02""}]"
stylianidis-christos,"[""http://www.parliament.cy/easyconsole.cfm/id/914""]",1958-06-26,,male,http://www.parliament.cy/assets/image/imageoriginal/STYLIANIDES Christos.jpg,"[""http://www.parliament.cy/assets/image/imageoriginal/STYLIANIDES Christos.jpg""]","[{""note"":{""el"":""Προφίλ στην ιστοσελίδα της Βουλής"",""en"":""Page on Parliament"",""tr"":null},""url"":""http://www.parliament.cy/easyconsole.cfm/id/914""}]","{""el"":""Στυλιανίδης Χρήστος"",""en"":""Stylianidis Christos"",""tr"":""Stilianídis Hrístos""}","[{""name"":""Stylianides Christos"",""note"":""Official spelling in the 'en' locale; possibly anglicised""}]","[{""electoral_district_id"":""lefkosia"",""end_date"":""2011-06-01"",""party_id"":""disy"",""start_date"":""2006-06-01""},{""electoral_district_id"":""lefkosia"",""end_date"":""2013-02-28"",""party_id"":""disy"",""start_date"":""2011-06-02""}]"
syllouris-dimitris,"[""http://www.parliament.cy/easyconsole.cfm/id/414""]",1953-07-27,dsyllouris@parliament.cy,male,http://www.parliament.cy/assets/image/imageoriginal/SYLLOURIS Demetris.jpg,"[""http://www.parliament.cy/assets/image/imageoriginal/SYLLOURIS Demetris.jpg"",""http://www.parliament.cy/assets/image/imageoriginal/Demetris Syllouris.JPG""]","[{""note"":{""el"":""Προφίλ στην ιστοσελίδα της Βουλής"",""en"":""Page on Parliament"",""tr"":null},""url"":""http://www.parliament.cy/easyconsole.cfm/id/414""}]","{""el"":""Συλλούρης Δημήτρης"",""en"":""Syllouris Dimitris"",""tr"":""Sillúris Dimítris""}","[{""name"":""Syllouris Demetris"",""note"":""Official spelling in the 'en' locale; possibly anglicised""}]","[{""electoral_district_id"":""lefkosia"",""end_date"":""2004-07-01"",""party_id"":""disy"",""start_date"":""2001-06-07""},{""electoral_district_id"":""lefkosia"",""end_date"":""2006-05-31"",""party_id"":null,""start_date"":""2004-07-02""},{""electoral_district_id"":""lefkosia"",""end_date"":""2011-06-01"",""party_id"":""evroko"",""start_date"":""2006-06-01""},{""electoral_district_id"":""lefkosia"",""end_date"":""2016-04-14"",""party_id"":""evroko"",""start_date"":""2011-06-02""}]"
taramountas-christodoulos,[],,,male,,,[],"{""el"":""Ταραμουντάς Χριστόδουλος"",""en"":""Taramountas Christodoulos"",""tr"":""Taramundás Hristódulos""}",,[]
tasou-georgios,"[""http://www.parliament.cy/easyconsole.cfm/id/415""]",1953-10-01,gtasou@parliament.cy,male,http://www.parliament.cy/assets/image/imageoriginal/TASOU Georgios.jpg,"[""http://www.parliament.cy/assets/image/imageoriginal/TASOU Georgios.jpg""]","[{""note"":{""el"":""Προφίλ στην ιστοσελίδα της Βουλής"",""en"":""Page on Parliament"",""tr"":null},""url"":""http://www.parliament.cy/easyconsole.cfm/id/415""}]","{""el"":""Τάσου Γεώργιος"",""en"":""Tasou Georgios"",""tr"":""Tásu Yeóryios""}","[{""name"":""Tasou Georgios"",""note"":""Official spelling in the 'en' locale; possibly anglicised""}]","[{""electoral_district_id"":""larnaka"",""end_date"":""2006-05-31"",""party_id"":""disy"",""start_date"":""2001-06-07""},{""electoral_district_id"":""larnaka"",""end_date"":""2011-06-01"",""party_id"":""disy"",""start_date"":""2006-06-01""},{""electoral_district_id"":""larnaka"",""end_date"":""2016-04-14"",""party_id"":""disy"",""start_date"":""2011-06-02""}]"
themistokleous-andreas,"[""http://www.parliament.cy/easyconsole.cfm/id/395""]",1962-04-15,athemistocleous@parliament.cy,male,http://www.parliament.cy/assets/image/imageoriginal/themistocleous.jpg,"[""http://www.parliament.cy/assets/image/imageoriginal/themistocleous.jpg"",""http://www.parliament.cy/assets/image/imageoriginal/themistocleous- office.JPG""]","[{""note"":{""el"":""Προφίλ στην ιστοσελίδα της Βουλής"",""en"":""Page on Parliament"",""tr"":null},""url"":""http://www.parliament.cy/easyconsole.cfm/id/395""}]","{""el"":""Θεμιστοκλέους Ανδρέας"",""en"":""Themistokleous Andreas"",""tr"":""Themistokléus Andréas""}","[{""name"":""Themistocleous Andreas"",""note"":""Official spelling in the 'en' locale; possibly anglicised""}]","[{""electoral_district_id"":""lemesos"",""end_date"":""2011-06-01"",""party_id"":""disy"",""start_date"":""2006-06-01""},{""electoral_district_id"":""lemesos"",""end_date"":""2016-04-14"",""party_id"":""disy"",""start_date"":""2013-03-07""}]"
theocharous-eleni,"[""http://www.europarl.europa.eu/meps/en/25704/ELENI_THEOCHAROUS_home.html""]",1953-06-24,,female,,,"[{""note"":{""el"":""Προσωπική ιστοσελίδα"",""en"":""Personal website"",""tr"":null},""url"":""http://www.elenitheocharous.com/""},{""note"":{""el"":""Facebook"",""en"":""Facebook"",""tr"":""Facebook""},""url"":""https://www.facebook.com/elenitheocharous""},{""note"":{""el"":""twitter"",""en"":""twitter"",""tr"":""twitter""},""url"":""https://twitter.com/THEOCHAROUSE""}]","{""el"":""Θεοχάρους Ελένη"",""en"":""Theocharous Eleni"",""tr"":""Theohárus Eléni""}",,[]
thoma-giannakis,[],,,male,,,[],"{""el"":""Θωμά Γιαννάκης"",""en"":""Thoma Giannakis"",""tr"":""Thomá Yannákis""}",,[]
tornaritis-nikos,"[""http://www.parliament.cy/easyconsole.cfm/id/417""]",1964-12-06,ntornaritis@parliament.cy,male,http://www.parliament.cy/assets/image/imageoriginal/TORNARITIS Nikos.jpg,"[""http://www.parliament.cy/assets/image/imageoriginal/TORNARITIS Nikos.jpg""]","[{""note"":{""el"":""Προφίλ στην ιστοσελίδα της Βουλής"",""en"":""Page on Parliament"",""tr"":null},""url"":""http://www.parliament.cy/easyconsole.cfm/id/417""},{""note"":{""el"":""Προσωπική ιστοσελίδα"",""en"":""Personal website"",""tr"":null},""url"":""http://www.nicostornaritis.com/""},{""note"":{""el"":""twitter"",""en"":""twitter"",""tr"":""twitter""},""url"":""https://twitter.com/nicostornaritis""}]","{""el"":""Τορναρίτης Νίκος"",""en"":""Tornaritis Nikos"",""tr"":""Tornarítis Níkos""}","[{""name"":""Tornaritis Nicos"",""note"":""Official spelling in the 'en' locale; possibly anglicised""}]","[{""electoral_district_id"":""lefkosia"",""end_date"":""2006-05-31"",""party_id"":""disy"",""start_date"":""2001-06-07""},{""electoral_district_id"":""lefkosia"",""end_date"":""2011-06-01"",""party_id"":""disy"",""start_date"":""2006-06-01""},{""electoral_district_id"":""lefkosia"",""end_date"":""2016-04-14"",""party_id"":""disy"",""start_date"":""2011-06-02""}]"
tyrimos-kyriakos,[],,,male,,,[],"{""el"":""Τυρίμος Κυριάκος"",""en"":""Tyrimos Kyriakos"",""tr"":""Tirímos Kiriákos""}",,[]
tziovanis-christakis,"[""http://www.parliament.cy/easyconsole.cfm/id/416""]",1956-12-29,ctziovanis@parliament.cy,male,http://www.parliament.cy/assets/image/imageoriginal/Giovanis Christakis a.jpg,"[""http://www.parliament.cy/assets/image/imageoriginal/Giovanis Christakis a.jpg""]","[{""note"":{""el"":""Προφίλ στην ιστοσελίδα της Βουλής"",""en"":""Page on Parliament"",""tr"":null},""url"":""http://www.parliament.cy/easyconsole.cfm/id/416""}]","{""el"":""Τζιοβάνης Χριστάκης"",""en"":""Tziovanis Christakis"",""tr"":""Covánis Hristákis""}","[{""name"":""Giovanis Christakis"",""note"":""Official spelling in the 'en' locale; possibly anglicised""}]","[{""electoral_district_id"":""ammochostos"",""end_date"":""2016-04-14"",""party_id"":""akel-nd"",""start_date"":""2011-06-02""}]"
varnava-giorgos,"[""http://www.parliament.cy/easyconsole.cfm/id/308""]",1968-09-13,gvarnavas@parliament.cy,male,http://www.parliament.cy/assets/image/imageoriginal/VARNAVAS George.jpg,"[""http://www.parliament.cy/assets/image/imageoriginal/VARNAVAS George.jpg""]","[{""note"":{""el"":""Προφίλ στην ιστοσελίδα της Βουλής"",""en"":""Page on Parliament"",""tr"":null},""url"":""http://www.parliament.cy/easyconsole.cfm/id/308""}]","{""el"":""Βαρνάβα Γιώργος"",""en"":""Varnava Giorgos"",""tr"":""Varnáva Yórgos""}","[{""name"":""Varnava George"",""note"":""Official spelling in the 'en' locale; possibly anglicised""}]","[{""electoral_district_id"":""ammochostos"",""end_date"":""2006-05-31"",""party_id"":""kisos"",""start_date"":""2001-06-07""},{""electoral_district_id"":""ammochostos"",""end_date"":""2011-06-01"",""party_id"":""edek"",""start_date"":""2006-06-01""},{""electoral_district_id"":""ammochostos"",""end_date"":""2016-04-14"",""party_id"":""edek"",""start_date"":""2011-06-02""}]"
vasileiou-androula,[],,,female,,,[],"{""el"":""Βασιλείου Ανδρούλα"",""en"":""Vasileiou Androula"",""tr"":""Vasilíu Andrúla""}",,[]
veniamin-christodoulos,[],,,male,,,[],"{""el"":""Βενιαμίν Χριστόδουλος"",""en"":""Veniamin Christodoulos"",""tr"":""Veniamín Hristódulos""}",,[]
votsis-angelos,"[""http://www.parliament.cy/easyconsole.cfm/id/309""]",1963-10-01,avotsis@parliament.cy,male,http://www.parliament.cy/assets/image/imageoriginal/VOTSIS Aggelos.jpg,"[""http://www.parliament.cy/assets/image/imageoriginal/VOTSIS Aggelos.jpg""]","[{""note"":{""el"":""Προφίλ στην ιστοσελίδα της Βουλής"",""en"":""Page on Parliament"",""tr"":null},""url"":""http://www.parliament.cy/easyconsole.cfm/id/309""},{""note"":{""el"":""twitter"",""en"":""twitter"",""tr"":""twitter""},""url"":""https://twitter.com/AngelosEmVotsis""}]","{""el"":""Βότσης Άγγελος"",""en"":""Votsis Angelos"",""tr"":""Vótsis Ángelos""}","[{""name"":""Votsis Angelos"",""note"":""Official spelling in the 'en' locale; possibly anglicised""}]","[{""electoral_district_id"":""lemesos"",""end_date"":""2011-06-01"",""party_id"":""diko"",""start_date"":""2006-06-01""},{""electoral_district_id"":""lemesos"",""end_date"":""2016-04-14"",""party_id"":""diko"",""start_date"":""2011-06-02""}]"
zachariou-zacharias,"[""http://www.parliament.cy/easyconsole.cfm/id/364""]",1963-12-13,zzachariou@parliament.cy,male,http://www.parliament.cy/assets/image/imageoriginal/ZACHARIOU Zacharias.jpg,"[""http://www.parliament.cy/assets/image/imageoriginal/ZACHARIOU Zacharias.jpg""]","[{""note"":{""el"":""Προφίλ στην ιστοσελίδα της Βουλής"",""en"":""Page on Parliament"",""tr"":null},""url"":""http://www.parliament.cy/easyconsole.cfm/id/364""}]","{""el"":""Ζαχαρίου Ζαχαρίας"",""en"":""Zachariou Zacharias"",""tr"":""Zaharíu Zaharías""}","[{""name"":""Zachariou Zacharias"",""note"":""Official spelling in the 'en' locale; possibly anglicised""}]","[{""electoral_district_id"":""larnaka"",""end_date"":""2006-05-31"",""party_id"":""disy"",""start_date"":""2001-06-07""},{""electoral_district_id"":""larnaka"",""end_date"":""2016-04-14"",""party_id"":""disy"",""start_date"":""2011-06-02""}]"

